model	nDCG	Precision	Recall	HR	MAP	MAR	MRR	ItemCoverage	EFD	EPC	Gini
predictions_cf_0	0.14051163662866067	0.0635023502350235	0.1514096309164485	0.888988898889889	0.09348047748903947	0.09575330457101802	0.32200785458340264	6502.0	0.769897039894858	0.06790147892658197	0.09878809347235173
