model	nDCG	Precision	Recall	HR	MAP	MAR	MRR	ItemCoverage	EFD	EPC	Gini
predictions_cf_100_19	0.23123781229878537	0.0988778877887789	0.23761678033704392	0.9643964396439644	0.15430334313346966	0.1552684677038442	0.48272679760084897	5573.0	1.3164049505012245	0.11365755296902239	0.09381199604509582
