model	nDCG	Precision	Recall	HR	MAP	MAR	MRR	ItemCoverage	EFD	EPC	Gini
predictions_cf_60	0.22418094063698737	0.09626962696269628	0.23147390714519686	0.9638963896389638	0.149540009692092	0.15070444571307257	0.4707129787889116	6157.0	1.2821106351241118	0.11049939434343867	0.10459828108312585
