model	nDCG	Precision	Recall	HR	MAP	MAR	MRR	ItemCoverage	EFD	EPC	Gini
predictions_cf_40	0.18549232585696904	0.1292689268926893	0.15658776402354538	0.9055905590559056	0.18454231241325897	0.10037970512140819	0.46157689011367753	4319.0	1.60816539082399	0.13921096494441706	0.07030187235921892
