model	nDCG	Precision	Recall	HR	MAP	MAR	MRR	ItemCoverage	EFD	EPC	Gini
predictions_cf_100	0.22670406859725412	0.09694169416941696	0.23308274713000318	0.961996199619962	0.15115062010945152	0.15194797142824498	0.476912414755949	6156.0	1.2963613779277547	0.11166915866478182	0.10557079456096852
