model	nDCG	Precision	Recall	HR	MAP	MAR	MRR	ItemCoverage	EFD	EPC	Gini
predictions_cf_80	0.23564185473177984	0.23904390439043907	0.05880585699470813	0.652065206520652	0.27960029336266956	0.03923702888815546	0.4502916958362502	1877.0	2.551355769105954	0.2217180909141681	0.03438794333690687
