model	nDCG	Precision	Recall	HR	MAP	MAR	MRR	ItemCoverage	EFD	EPC	Gini
predictions_cf_60	0.232526081037972	0.2366036603660366	0.05824601762997048	0.6477647764776477	0.27582358235823584	0.038733902174112704	0.4430559722638931	1883.0	2.516865237555507	0.21875829598319316	0.03441760191231458
