model	nDCG	Precision	Recall	HR	MAP	MAR	MRR	ItemCoverage	EFD	EPC	Gini
predictions_cf_20	0.20988590137273058	0.09118111811181119	0.21921312783350108	0.9583958395839584	0.1399324179820264	0.1420763331396202	0.4439629967679372	6172.0	1.1951715730959187	0.10329139484133015	0.10362672354283775
