model	nDCG	Precision	Recall	HR	MAP	MAR	MRR	ItemCoverage	EFD	EPC	Gini
predictions_cf_80	0.22649665898800447	0.09693169316931693	0.23289305686087466	0.9638963896389638	0.15093999723354562	0.1518710328929733	0.47762858079588105	6132.0	1.2948656754030743	0.1115615811215129	0.10503760411959162
