model	nDCG	Precision	Recall	HR	MAP	MAR	MRR	ItemCoverage	EFD	EPC	Gini
predictions_cf_80	0.20460461619537382	0.19041904190419043	0.09287135244269888	0.7810781078107811	0.24329754007146748	0.05963928315797356	0.4675780673305426	2719.0	2.1738855974681237	0.18859187748663783	0.04598886045376149
