model	nDCG	Precision	Recall	HR	MAP	MAR	MRR	ItemCoverage	EFD	EPC	Gini
predictions_cf_0	0.1366048714473383	0.14229422942294231	0.034505177403816	0.46554655465546557	0.16350235023502352	0.022701269137686893	0.28825549221588825	1456.0	1.3927879148336557	0.12389460372230579	0.020558489400598345
