model	nDCG	Precision	Recall	HR	MAP	MAR	MRR	ItemCoverage	EFD	EPC	Gini
predictions_cf_20	0.21321547976646352	0.21720172017201722	0.05325747304484816	0.6163616361636164	0.2529496282961629	0.03539135868566936	0.41394639463946387	1875.0	2.288649208842803	0.1994640131025536	0.0321238715885106
