model	nDCG	Precision	Recall	HR	MAP	MAR	MRR	ItemCoverage	EFD	EPC	Gini
predictions_cf_0	0.11549560407576576	0.08392839283928394	0.10058790568961726	0.7880788078807881	0.11491673986547514	0.06268713932796172	0.3190675955099691	4204.0	0.9556796506903925	0.08466081465179805	0.05832378293819174
