model	nDCG	Precision	Recall	HR	MAP	MAR	MRR	ItemCoverage	EFD	EPC	Gini
predictions_cf_40	0.19832772639070023	0.185978597859786	0.09088294699889958	0.7743774377437744	0.23534286762009532	0.057983560623472326	0.45301061852216973	2662.0	2.106156990622816	0.18284764514786916	0.0449377559771611
