model	nDCG	Precision	Recall	HR	MAP	MAR	MRR	ItemCoverage	EFD	EPC	Gini
predictions_cf_0	0.12029983839020648	0.11553155315531553	0.05576781513989243	0.6107610761076108	0.1440163460790523	0.0352074891525455	0.3077200577200577	2255.0	1.2073817364321116	0.1072848166634157	0.030621321164442383
