model	nDCG	Precision	Recall	HR	MAP	MAR	MRR	ItemCoverage	EFD	EPC	Gini
predictions_cf_40	0.2267772034672954	0.23092309230923092	0.0568086628912877	0.637963796379638	0.26922025535886923	0.03782370567966037	0.4343117645097842	1856.0	2.4545813556363707	0.21342995853046567	0.033894671191659786
