model	nDCG	Precision	Recall	HR	MAP	MAR	MRR	ItemCoverage	EFD	EPC	Gini
predictions_cf_40	0.21961501622089777	0.09441744174417444	0.22704735603197085	0.9627962796279628	0.14657965221595734	0.1480231825786763	0.46327542510758946	6151.0	1.254590158093469	0.10819593222818787	0.10438434631546878
