model	nDCG	Precision	Recall	HR	MAP	MAR	MRR	ItemCoverage	EFD	EPC	Gini
predictions_cf_100	0.23658881131794718	0.24002400240024002	0.059087493324854024	0.6513651365136514	0.2804063739707304	0.03942518591600296	0.4494232756608994	1907.0	2.5575903082867923	0.22230095278194476	0.034707806297215926
