model	nDCG	Precision	Recall	HR	MAP	MAR	MRR	ItemCoverage	EFD	EPC	Gini
predictions_cf_20	0.17650826350812152	0.12437643764376438	0.15021033664084518	0.8981898189818982	0.17510291366181172	0.09550160656334715	0.4422003910710784	4283.0	1.5252816087006238	0.1323230502644144	0.06917554126002057
