model	nDCG	Precision	Recall	HR	MAP	MAR	MRR	ItemCoverage	EFD	EPC	Gini
predictions_cf_60	0.20280317107772447	0.18988898889888992	0.09271916863746504	0.778977897789779	0.24061545043393226	0.05917219983202197	0.4606629710590106	2691.0	2.155653914681023	0.18703164429818392	0.04582784921213423
