model	nDCG	Precision	Recall	HR	MAP	MAR	MRR	ItemCoverage	EFD	EPC	Gini
predictions_cf_20	0.18712774759433531	0.17614761476147617	0.08594207240844226	0.7585758575857586	0.22165332406256497	0.0545404509192595	0.43306751310051633	2644.0	1.9738937555331766	0.1717941236673512	0.04314780728019951
