model	nDCG	Precision	Recall	HR	MAP	MAR	MRR	ItemCoverage	EFD	EPC	Gini
predictions_cf_60	0.1892390460273211	0.13176117611761173	0.15919876719810716	0.9086908690869087	0.18826291477924717	0.1020272867797305	0.4690869698712902	4302.0	1.6426673434486367	0.14214400089167795	0.07092573360441812
