model	nDCG	Precision	Recall	HR	MAP	MAR	MRR	ItemCoverage	EFD	EPC	Gini
predictions_cf_80	0.19181172354290305	0.13332933293329333	0.16120019037139552	0.9090909090909091	0.1902717185463196	0.10304933386248921	0.4760415486564238	4316.0	1.664550474122428	0.14398771540414804	0.07128708307129028
