model	MAE	MSE	RMSE
predictions_cf_0_0	0.24462503408464167	0.09542545849754334	0.3089101139450493
