model	MAE	MSE	RMSE
predictions_reduced_cf_0_100	0.24445637667405143	0.09513614388706197	0.3084414756271633
