model	MAE	MSE	RMSE
predictions_cf_100_0	0.2804532879124763	0.11192736304364222	0.334555470802141
