model	MAE	MSE	RMSE
predictions_reduced_cf_100_0	0.2804597750487619	0.1121657531623706	0.3349115602101107
