model	MAE	MSE	RMSE
predictions_cf_20_0	0.22940756614298954	0.08139267347332184	0.28529401233345547
