model	MAE	MSE	RMSE
predictions_reduced_cf_25_75	0.22630180751840742	0.07904469002918807	0.28114887520526927
