model	MAE	MSE	RMSE
predictions_cf_40_0	0.2226697392284076	0.07602647141582053	0.2757289818205923
