model	MAE	MSE	RMSE
predictions_reduced_cf_50_50	0.22552161237378163	0.07651914033142392	0.2766209325619157
