model	MAE	MSE	RMSE
predictions_cf_60_0	0.23209355454198544	0.07932685232504066	0.2816502304721952
