model	MAE	MSE	RMSE
predictions_reduced_cf_75_25	0.24612926335210072	0.08755949471501097	0.2959045364894073
