model	MAE	MSE	RMSE
predictions_cf_80_0	0.25206211036105713	0.09129381620098145	0.30214866572762067
