model	nDCG	Precision	Recall	HR	MAP	MAR	MRR	ItemCoverage	EFD	EPC	Gini
predictions_cb_0_0	0.002709461825621512	0.0035403540354035402	0.0008345994040847474	0.0175017501750175	0.00301996866353302	0.00045664440526737584	0.007002366903357002	833.0	0.04175865797021391	0.0032034656709678186	0.011669816886611395
